name,id,address,date,kWh,public_url,installationDate,uid
Telus Spark,594148,220 ST GEORGES DR NE,19/11/2017 8:00,0.302,https://monitoring.solaredge.com/solaredge-web/p/public?name=TELUS%20Spark,27/11/2017,5941482017-11-19 08:00:00
Telus Spark,594148,220 ST GEORGES DR NE,19/11/2017 9:00,1.814,https://monitoring.solaredge.com/solaredge-web/p/public?name=TELUS%20Spark,27/11/2017,5941482017-11-19 09:00:00
Telus Spark,594148,220 ST GEORGES DR NE,19/11/2017 10:00,3.734,https://monitoring.solaredge.com/solaredge-web/p/public?name=TELUS%20Spark,27/11/2017,5941482017-11-19 10:00:00
Telus Spark,594148,220 ST GEORGES DR NE,19/11/2017 11:00,10.2,https://monitoring.solaredge.com/solaredge-web/p/public?name=TELUS%20Spark,27/11/2017,5941482017-11-19 11:00:00
Telus Spark,594148,220 ST GEORGES DR NE,19/11/2017 12:00,8.991,https://monitoring.solaredge.com/solaredge-web/p/public?name=TELUS%20Spark,27/11/2017,5941482017-11-19 12:00:00
Telus Spark,594148,220 ST GEORGES DR NE,19/11/2017 13:00,7.673,https://monitoring.solaredge.com/solaredge-web/p/public?name=TELUS%20Spark,27/11/2017,5941482017-11-19 13:00:00
Telus Spark,594148,220 ST GEORGES DR NE,19/11/2017 14:00,4.168,https://monitoring.solaredge.com/solaredge-web/p/public?name=TELUS%20Spark,27/11/2017,5941482017-11-19 14:00:00
Telus Spark,594148,220 ST GEORGES DR NE,19/11/2017 15:00,2.535,https://monitoring.solaredge.com/solaredge-web/p/public?name=TELUS%20Spark,27/11/2017,5941482017-11-19 15:00:00
Telus Spark,594148,220 ST GEORGES DR NE,19/11/2017 16:00,0.471,https://monitoring.solaredge.com/solaredge-web/p/public?name=TELUS%20Spark,27/11/2017,5941482017-11-19 16:00:00
Telus Spark,594148,220 ST GEORGES DR NE,20/11/2017 8:00,0.21,https://monitoring.solaredge.com/solaredge-web/p/public?name=TELUS%20Spark,27/11/2017,5941482017-11-20 08:00:00
Telus Spark,594148,220 ST GEORGES DR NE,20/11/2017 9:00,2.013,https://monitoring.solaredge.com/solaredge-web/p/public?name=TELUS%20Spark,27/11/2017,5941482017-11-20 09:00:00
Telus Spark,594148,220 ST GEORGES DR NE,20/11/2017 10:00,1.206,https://monitoring.solaredge.com/solaredge-web/p/public?name=TELUS%20Spark,27/11/2017,5941482017-11-20 10:00:00
Telus Spark,594148,220 ST GEORGES DR NE,20/11/2017 11:00,0.682,https://monitoring.solaredge.com/solaredge-web/p/public?name=TELUS%20Spark,27/11/2017,5941482017-11-20 11:00:00
Telus Spark,594148,220 ST GEORGES DR NE,20/11/2017 12:00,1.616,https://monitoring.solaredge.com/solaredge-web/p/public?name=TELUS%20Spark,27/11/2017,5941482017-11-20 12:00:00
Telus Spark,594148,220 ST GEORGES DR NE,20/11/2017 13:00,2.604,https://monitoring.solaredge.com/solaredge-web/p/public?name=TELUS%20Spark,27/11/2017,5941482017-11-20 13:00:00
Telus Spark,594148,220 ST GEORGES DR NE,20/11/2017 14:00,1.081,https://monitoring.solaredge.com/solaredge-web/p/public?name=TELUS%20Spark,27/11/2017,5941482017-11-20 14:00:00
Telus Spark,594148,220 ST GEORGES DR NE,20/11/2017 15:00,0.371,https://monitoring.solaredge.com/solaredge-web/p/public?name=TELUS%20Spark,27/11/2017,5941482017-11-20 15:00:00
Telus Spark,594148,220 ST GEORGES DR NE,20/11/2017 16:00,0.013,https://monitoring.solaredge.com/solaredge-web/p/public?name=TELUS%20Spark,27/11/2017,5941482017-11-20 16:00:00
Telus Spark,594148,220 ST GEORGES DR NE,21/11/2017 8:00,0.257,https://monitoring.solaredge.com/solaredge-web/p/public?name=TELUS%20Spark,27/11/2017,5941482017-11-21 08:00:00
Telus Spark,594148,220 ST GEORGES DR NE,21/11/2017 9:00,1.035,https://monitoring.solaredge.com/solaredge-web/p/public?name=TELUS%20Spark,27/11/2017,5941482017-11-21 09:00:00
Telus Spark,594148,220 ST GEORGES DR NE,21/11/2017 10:00,3.511,https://monitoring.solaredge.com/solaredge-web/p/public?name=TELUS%20Spark,27/11/2017,5941482017-11-21 10:00:00
Telus Spark,594148,220 ST GEORGES DR NE,21/11/2017 11:00,3.876,https://monitoring.solaredge.com/solaredge-web/p/public?name=TELUS%20Spark,27/11/2017,5941482017-11-21 11:00:00
Telus Spark,594148,220 ST GEORGES DR NE,21/11/2017 12:00,4.395,https://monitoring.solaredge.com/solaredge-web/p/public?name=TELUS%20Spark,27/11/2017,5941482017-11-21 12:00:00
Telus Spark,594148,220 ST GEORGES DR NE,21/11/2017 13:00,2.802,https://monitoring.solaredge.com/solaredge-web/p/public?name=TELUS%20Spark,27/11/2017,5941482017-11-21 13:00:00
Telus Spark,594148,220 ST GEORGES DR NE,21/11/2017 14:00,2.05,https://monitoring.solaredge.com/solaredge-web/p/public?name=TELUS%20Spark,27/11/2017,5941482017-11-21 14:00:00
Telus Spark,594148,220 ST GEORGES DR NE,21/11/2017 15:00,0.986,https://monitoring.solaredge.com/solaredge-web/p/public?name=TELUS%20Spark,27/11/2017,5941482017-11-21 15:00:00
Telus Spark,594148,220 ST GEORGES DR NE,21/11/2017 16:00,0.059,https://monitoring.solaredge.com/solaredge-web/p/public?name=TELUS%20Spark,27/11/2017,5941482017-11-21 16:00:00
Telus Spark,594148,220 ST GEORGES DR NE,22/11/2017 8:00,0.233,https://monitoring.solaredge.com/solaredge-web/p/public?name=TELUS%20Spark,27/11/2017,5941482017-11-22 08:00:00
Telus Spark,594148,220 ST GEORGES DR NE,22/11/2017 9:00,1.101,https://monitoring.solaredge.com/solaredge-web/p/public?name=TELUS%20Spark,27/11/2017,5941482017-11-22 09:00:00
Telus Spark,594148,220 ST GEORGES DR NE,22/11/2017 10:00,2.557,https://monitoring.solaredge.com/solaredge-web/p/public?name=TELUS%20Spark,27/11/2017,5941482017-11-22 10:00:00
Telus Spark,594148,220 ST GEORGES DR NE,22/11/2017 11:00,7.699,https://monitoring.solaredge.com/solaredge-web/p/public?name=TELUS%20Spark,27/11/2017,5941482017-11-22 11:00:00
Telus Spark,594148,220 ST GEORGES DR NE,22/11/2017 12:00,9.856,https://monitoring.solaredge.com/solaredge-web/p/public?name=TELUS%20Spark,27/11/2017,5941482017-11-22 12:00:00
Telus Spark,594148,220 ST GEORGES DR NE,22/11/2017 13:00,9.416,https://monitoring.solaredge.com/solaredge-web/p/public?name=TELUS%20Spark,27/11/2017,5941482017-11-22 13:00:00
Telus Spark,594148,220 ST GEORGES DR NE,22/11/2017 14:00,5.905,https://monitoring.solaredge.com/solaredge-web/p/public?name=TELUS%20Spark,27/11/2017,5941482017-11-22 14:00:00
Telus Spark,594148,220 ST GEORGES DR NE,22/11/2017 15:00,2.408,https://monitoring.solaredge.com/solaredge-web/p/public?name=TELUS%20Spark,27/11/2017,5941482017-11-22 15:00:00
Telus Spark,594148,220 ST GEORGES DR NE,22/11/2017 16:00,0.358,https://monitoring.solaredge.com/solaredge-web/p/public?name=TELUS%20Spark,27/11/2017,5941482017-11-22 16:00:00
Telus Spark,594148,220 ST GEORGES DR NE,23/11/2017 8:00,0.9,https://monitoring.solaredge.com/solaredge-web/p/public?name=TELUS%20Spark,27/11/2017,5941482017-11-23 08:00:00
Telus Spark,594148,220 ST GEORGES DR NE,23/11/2017 9:00,2.257,https://monitoring.solaredge.com/solaredge-web/p/public?name=TELUS%20Spark,27/11/2017,5941482017-11-23 09:00:00
Telus Spark,594148,220 ST GEORGES DR NE,23/11/2017 10:00,1.27,https://monitoring.solaredge.com/solaredge-web/p/public?name=TELUS%20Spark,27/11/2017,5941482017-11-23 10:00:00
Telus Spark,594148,220 ST GEORGES DR NE,23/11/2017 11:00,3.385,https://monitoring.solaredge.com/solaredge-web/p/public?name=TELUS%20Spark,27/11/2017,5941482017-11-23 11:00:00
Telus Spark,594148,220 ST GEORGES DR NE,23/11/2017 12:00,3.879,https://monitoring.solaredge.com/solaredge-web/p/public?name=TELUS%20Spark,27/11/2017,5941482017-11-23 12:00:00
Telus Spark,594148,220 ST GEORGES DR NE,23/11/2017 13:00,3.598,https://monitoring.solaredge.com/solaredge-web/p/public?name=TELUS%20Spark,27/11/2017,5941482017-11-23 13:00:00
Telus Spark,594148,220 ST GEORGES DR NE,23/11/2017 14:00,0.757,https://monitoring.solaredge.com/solaredge-web/p/public?name=TELUS%20Spark,27/11/2017,5941482017-11-23 14:00:00
Telus Spark,594148,220 ST GEORGES DR NE,23/11/2017 15:00,0.625,https://monitoring.solaredge.com/solaredge-web/p/public?name=TELUS%20Spark,27/11/2017,5941482017-11-23 15:00:00
Telus Spark,594148,220 ST GEORGES DR NE,23/11/2017 16:00,0.027,https://monitoring.solaredge.com/solaredge-web/p/public?name=TELUS%20Spark,27/11/2017,5941482017-11-23 16:00:00
Telus Spark,594148,220 ST GEORGES DR NE,24/11/2017 8:00,0.053,https://monitoring.solaredge.com/solaredge-web/p/public?name=TELUS%20Spark,27/11/2017,5941482017-11-24 08:00:00
Telus Spark,594148,220 ST GEORGES DR NE,24/11/2017 9:00,0.919,https://monitoring.solaredge.com/solaredge-web/p/public?name=TELUS%20Spark,27/11/2017,5941482017-11-24 09:00:00
Telus Spark,594148,220 ST GEORGES DR NE,24/11/2017 10:00,1.889,https://monitoring.solaredge.com/solaredge-web/p/public?name=TELUS%20Spark,27/11/2017,5941482017-11-24 10:00:00
Telus Spark,594148,220 ST GEORGES DR NE,24/11/2017 11:00,5.418,https://monitoring.solaredge.com/solaredge-web/p/public?name=TELUS%20Spark,27/11/2017,5941482017-11-24 11:00:00
Telus Spark,594148,220 ST GEORGES DR NE,24/11/2017 12:00,7.823,https://monitoring.solaredge.com/solaredge-web/p/public?name=TELUS%20Spark,27/11/2017,5941482017-11-24 12:00:00
Telus Spark,594148,220 ST GEORGES DR NE,24/11/2017 13:00,5.512,https://monitoring.solaredge.com/solaredge-web/p/public?name=TELUS%20Spark,27/11/2017,5941482017-11-24 13:00:00
Telus Spark,594148,220 ST GEORGES DR NE,24/11/2017 14:00,3.98,https://monitoring.solaredge.com/solaredge-web/p/public?name=TELUS%20Spark,27/11/2017,5941482017-11-24 14:00:00
Telus Spark,594148,220 ST GEORGES DR NE,24/11/2017 15:00,1.439,https://monitoring.solaredge.com/solaredge-web/p/public?name=TELUS%20Spark,27/11/2017,5941482017-11-24 15:00:00
Telus Spark,594148,220 ST GEORGES DR NE,24/11/2017 16:00,0.173,https://monitoring.solaredge.com/solaredge-web/p/public?name=TELUS%20Spark,27/11/2017,5941482017-11-24 16:00:00
Telus Spark,594148,220 ST GEORGES DR NE,25/11/2017 8:00,0.348,https://monitoring.solaredge.com/solaredge-web/p/public?name=TELUS%20Spark,27/11/2017,5941482017-11-25 08:00:00
Telus Spark,594148,220 ST GEORGES DR NE,25/11/2017 9:00,1.488,https://monitoring.solaredge.com/solaredge-web/p/public?name=TELUS%20Spark,27/11/2017,5941482017-11-25 09:00:00
Telus Spark,594148,220 ST GEORGES DR NE,25/11/2017 10:00,2.033,https://monitoring.solaredge.com/solaredge-web/p/public?name=TELUS%20Spark,27/11/2017,5941482017-11-25 10:00:00
Telus Spark,594148,220 ST GEORGES DR NE,25/11/2017 11:00,3.914,https://monitoring.solaredge.com/solaredge-web/p/public?name=TELUS%20Spark,27/11/2017,5941482017-11-25 11:00:00
Telus Spark,594148,220 ST GEORGES DR NE,25/11/2017 12:00,4.477,https://monitoring.solaredge.com/solaredge-web/p/public?name=TELUS%20Spark,27/11/2017,5941482017-11-25 12:00:00
Telus Spark,594148,220 ST GEORGES DR NE,25/11/2017 13:00,2.638,https://monitoring.solaredge.com/solaredge-web/p/public?name=TELUS%20Spark,27/11/2017,5941482017-11-25 13:00:00
Telus Spark,594148,220 ST GEORGES DR NE,25/11/2017 14:00,4.189,https://monitoring.solaredge.com/solaredge-web/p/public?name=TELUS%20Spark,27/11/2017,5941482017-11-25 14:00:00
Telus Spark,594148,220 ST GEORGES DR NE,25/11/2017 15:00,1.605,https://monitoring.solaredge.com/solaredge-web/p/public?name=TELUS%20Spark,27/11/2017,5941482017-11-25 15:00:00
Telus Spark,594148,220 ST GEORGES DR NE,25/11/2017 16:00,0.103,https://monitoring.solaredge.com/solaredge-web/p/public?name=TELUS%20Spark,27/11/2017,5941482017-11-25 16:00:00
Telus Spark,594148,220 ST GEORGES DR NE,26/11/2017 8:00,0.183,https://monitoring.solaredge.com/solaredge-web/p/public?name=TELUS%20Spark,27/11/2017,5941482017-11-26 08:00:00
Telus Spark,594148,220 ST GEORGES DR NE,26/11/2017 9:00,0.887,https://monitoring.solaredge.com/solaredge-web/p/public?name=TELUS%20Spark,27/11/2017,5941482017-11-26 09:00:00
Telus Spark,594148,220 ST GEORGES DR NE,26/11/2017 10:00,1.316,https://monitoring.solaredge.com/solaredge-web/p/public?name=TELUS%20Spark,27/11/2017,5941482017-11-26 10:00:00
Telus Spark,594148,220 ST GEORGES DR NE,26/11/2017 11:00,4.361,https://monitoring.solaredge.com/solaredge-web/p/public?name=TELUS%20Spark,27/11/2017,5941482017-11-26 11:00:00
Telus Spark,594148,220 ST GEORGES DR NE,26/11/2017 12:00,4.669,https://monitoring.solaredge.com/solaredge-web/p/public?name=TELUS%20Spark,27/11/2017,5941482017-11-26 12:00:00
Telus Spark,594148,220 ST GEORGES DR NE,26/11/2017 13:00,4.479,https://monitoring.solaredge.com/solaredge-web/p/public?name=TELUS%20Spark,27/11/2017,5941482017-11-26 13:00:00
Telus Spark,594148,220 ST GEORGES DR NE,26/11/2017 14:00,2.418,https://monitoring.solaredge.com/solaredge-web/p/public?name=TELUS%20Spark,27/11/2017,5941482017-11-26 14:00:00
Telus Spark,594148,220 ST GEORGES DR NE,26/11/2017 15:00,1.562,https://monitoring.solaredge.com/solaredge-web/p/public?name=TELUS%20Spark,27/11/2017,5941482017-11-26 15:00:00
Telus Spark,594148,220 ST GEORGES DR NE,26/11/2017 16:00,0.091,https://monitoring.solaredge.com/solaredge-web/p/public?name=TELUS%20Spark,27/11/2017,5941482017-11-26 16:00:00
Telus Spark,594148,220 ST GEORGES DR NE,27/11/2017 8:00,0.345,https://monitoring.solaredge.com/solaredge-web/p/public?name=TELUS%20Spark,27/11/2017,5941482017-11-27 08:00:00
Telus Spark,594148,220 ST GEORGES DR NE,27/11/2017 11:00,4.189,https://monitoring.solaredge.com/solaredge-web/p/public?name=TELUS%20Spark,27/11/2017,5941482017-11-27 11:00:00
Telus Spark,594148,220 ST GEORGES DR NE,27/11/2017 12:00,6.928,https://monitoring.solaredge.com/solaredge-web/p/public?name=TELUS%20Spark,27/11/2017,5941482017-11-27 12:00:00
Telus Spark,594148,220 ST GEORGES DR NE,27/11/2017 15:00,0.746,https://monitoring.solaredge.com/solaredge-web/p/public?name=TELUS%20Spark,27/11/2017,5941482017-11-27 15:00:00
Telus Spark,594148,220 ST GEORGES DR NE,27/11/2017 16:00,0.101,https://monitoring.solaredge.com/solaredge-web/p/public?name=TELUS%20Spark,27/11/2017,5941482017-11-27 16:00:00
Telus Spark,594148,220 ST GEORGES DR NE,28/11/2017 8:00,0.24,https://monitoring.solaredge.com/solaredge-web/p/public?name=TELUS%20Spark,27/11/2017,5941482017-11-28 08:00:00
Telus Spark,594148,220 ST GEORGES DR NE,28/11/2017 9:00,1.338,https://monitoring.solaredge.com/solaredge-web/p/public?name=TELUS%20Spark,27/11/2017,5941482017-11-28 09:00:00
Telus Spark,594148,220 ST GEORGES DR NE,28/11/2017 10:00,2.99,https://monitoring.solaredge.com/solaredge-web/p/public?name=TELUS%20Spark,27/11/2017,5941482017-11-28 10:00:00
Telus Spark,594148,220 ST GEORGES DR NE,28/11/2017 11:00,4.436,https://monitoring.solaredge.com/solaredge-web/p/public?name=TELUS%20Spark,27/11/2017,5941482017-11-28 11:00:00
Telus Spark,594148,220 ST GEORGES DR NE,28/11/2017 12:00,4.35,https://monitoring.solaredge.com/solaredge-web/p/public?name=TELUS%20Spark,27/11/2017,5941482017-11-28 12:00:00
Telus Spark,594148,220 ST GEORGES DR NE,28/11/2017 13:00,4.405,https://monitoring.solaredge.com/solaredge-web/p/public?name=TELUS%20Spark,27/11/2017,5941482017-11-28 13:00:00
Telus Spark,594148,220 ST GEORGES DR NE,28/11/2017 14:00,4.136,https://monitoring.solaredge.com/solaredge-web/p/public?name=TELUS%20Spark,27/11/2017,5941482017-11-28 14:00:00
Telus Spark,594148,220 ST GEORGES DR NE,28/11/2017 15:00,2.076,https://monitoring.solaredge.com/solaredge-web/p/public?name=TELUS%20Spark,27/11/2017,5941482017-11-28 15:00:00
Telus Spark,594148,220 ST GEORGES DR NE,28/11/2017 16:00,0.166,https://monitoring.solaredge.com/solaredge-web/p/public?name=TELUS%20Spark,27/11/2017,5941482017-11-28 16:00:00
Telus Spark,594148,220 ST GEORGES DR NE,29/11/2017 8:00,0.206,https://monitoring.solaredge.com/solaredge-web/p/public?name=TELUS%20Spark,27/11/2017,5941482017-11-29 08:00:00
Telus Spark,594148,220 ST GEORGES DR NE,29/11/2017 9:00,1.212,https://monitoring.solaredge.com/solaredge-web/p/public?name=TELUS%20Spark,27/11/2017,5941482017-11-29 09:00:00
Telus Spark,594148,220 ST GEORGES DR NE,29/11/2017 10:00,1.158,https://monitoring.solaredge.com/solaredge-web/p/public?name=TELUS%20Spark,27/11/2017,5941482017-11-29 10:00:00
Telus Spark,594148,220 ST GEORGES DR NE,29/11/2017 11:00,2.711,https://monitoring.solaredge.com/solaredge-web/p/public?name=TELUS%20Spark,27/11/2017,5941482017-11-29 11:00:00
Telus Spark,594148,220 ST GEORGES DR NE,29/11/2017 12:00,4.479,https://monitoring.solaredge.com/solaredge-web/p/public?name=TELUS%20Spark,27/11/2017,5941482017-11-29 12:00:00
Telus Spark,594148,220 ST GEORGES DR NE,29/11/2017 13:00,3.82,https://monitoringpublic.solaredge.com/solaredge-web/p/site/public?name=TELUS%20Spark,27/11/2017,5941482017-11-29 13:00:00
Telus Spark,594148,220 ST GEORGES DR NE,29/11/2017 14:00,3.539,https://monitoringpublic.solaredge.com/solaredge-web/p/site/public?name=TELUS%20Spark,27/11/2017,5941482017-11-29 14:00:00
Telus Spark,594148,220 ST GEORGES DR NE,29/11/2017 15:00,4.855,https://monitoringpublic.solaredge.com/solaredge-web/p/site/public?name=TELUS%20Spark,27/11/2017,5941482017-11-29 15:00:00
Telus Spark,594148,220 ST GEORGES DR NE,29/11/2017 16:00,0.448,https://monitoringpublic.solaredge.com/solaredge-web/p/site/public?name=TELUS%20Spark,27/11/2017,5941482017-11-29 16:00:00
Telus Spark,594148,220 ST GEORGES DR NE,2/12/2017 8:00,1.842,https://monitoringpublic.solaredge.com/solaredge-web/p/site/public?name=TELUS%20Spark,27/11/2017,5941482017-12-02 08:00:00
Telus Spark,594148,220 ST GEORGES DR NE,2/12/2017 9:00,6.592,https://monitoringpublic.solaredge.com/solaredge-web/p/site/public?name=TELUS%20Spark,27/11/2017,5941482017-12-02 09:00:00
Telus Spark,594148,220 ST GEORGES DR NE,2/12/2017 10:00,4.921,https://monitoringpublic.solaredge.com/solaredge-web/p/site/public?name=TELUS%20Spark,27/11/2017,5941482017-12-02 10:00:00
Telus Spark,594148,220 ST GEORGES DR NE,2/12/2017 11:00,6.761,https://monitoringpublic.solaredge.com/solaredge-web/p/site/public?name=TELUS%20Spark,27/11/2017,5941482017-12-02 11:00:00
Telus Spark,594148,220 ST GEORGES DR NE,2/12/2017 12:00,12.377,https://monitoringpublic.solaredge.com/solaredge-web/p/site/public?name=TELUS%20Spark,27/11/2017,5941482017-12-02 12:00:00
Telus Spark,594148,220 ST GEORGES DR NE,2/12/2017 13:00,8.162,https://monitoringpublic.solaredge.com/solaredge-web/p/site/public?name=TELUS%20Spark,27/11/2017,5941482017-12-02 13:00:00
Telus Spark,594148,220 ST GEORGES DR NE,2/12/2017 14:00,4.559,https://monitoringpublic.solaredge.com/solaredge-web/p/site/public?name=TELUS%20Spark,27/11/2017,5941482017-12-02 14:00:00
Telus Spark,594148,220 ST GEORGES DR NE,2/12/2017 15:00,2.844,https://monitoringpublic.solaredge.com/solaredge-web/p/site/public?name=TELUS%20Spark,27/11/2017,5941482017-12-02 15:00:00
Telus Spark,594148,220 ST GEORGES DR NE,2/12/2017 16:00,0.339,https://monitoringpublic.solaredge.com/solaredge-web/p/site/public?name=TELUS%20Spark,27/11/2017,5941482017-12-02 16:00:00
Telus Spark,594148,220 ST GEORGES DR NE,3/12/2017 8:00,0.383,https://monitoringpublic.solaredge.com/solaredge-web/p/site/public?name=TELUS%20Spark,27/11/2017,5941482017-12-03 08:00:00
Telus Spark,594148,220 ST GEORGES DR NE,3/12/2017 9:00,2.949,https://monitoringpublic.solaredge.com/solaredge-web/p/site/public?name=TELUS%20Spark,27/11/2017,5941482017-12-03 09:00:00
Telus Spark,594148,220 ST GEORGES DR NE,3/12/2017 10:00,5.441,https://monitoringpublic.solaredge.com/solaredge-web/p/site/public?name=TELUS%20Spark,27/11/2017,5941482017-12-03 10:00:00
Telus Spark,594148,220 ST GEORGES DR NE,3/12/2017 11:00,12.11,https://monitoringpublic.solaredge.com/solaredge-web/p/site/public?name=TELUS%20Spark,27/11/2017,5941482017-12-03 11:00:00
Telus Spark,594148,220 ST GEORGES DR NE,3/12/2017 12:00,15.009,https://monitoringpublic.solaredge.com/solaredge-web/p/site/public?name=TELUS%20Spark,27/11/2017,5941482017-12-03 12:00:00
Telus Spark,594148,220 ST GEORGES DR NE,3/12/2017 13:00,11.301,https://monitoringpublic.solaredge.com/solaredge-web/p/site/public?name=TELUS%20Spark,27/11/2017,5941482017-12-03 13:00:00
Telus Spark,594148,220 ST GEORGES DR NE,3/12/2017 14:00,6.345,https://monitoringpublic.solaredge.com/solaredge-web/p/site/public?name=TELUS%20Spark,27/11/2017,5941482017-12-03 14:00:00
Telus Spark,594148,220 ST GEORGES DR NE,3/12/2017 15:00,4.745,https://monitoringpublic.solaredge.com/solaredge-web/p/site/public?name=TELUS%20Spark,27/11/2017,5941482017-12-03 15:00:00
Telus Spark,594148,220 ST GEORGES DR NE,3/12/2017 16:00,0.336,https://monitoringpublic.solaredge.com/solaredge-web/p/site/public?name=TELUS%20Spark,27/11/2017,5941482017-12-03 16:00:00
Telus Spark,594148,220 ST GEORGES DR NE,4/12/2017 8:00,0.77,https://monitoringpublic.solaredge.com/solaredge-web/p/site/public?name=TELUS%20Spark,27/11/2017,5941482017-12-04 08:00:00
Telus Spark,594148,220 ST GEORGES DR NE,4/12/2017 9:00,6.241,https://monitoringpublic.solaredge.com/solaredge-web/p/site/public?name=TELUS%20Spark,27/11/2017,5941482017-12-04 09:00:00
Telus Spark,594148,220 ST GEORGES DR NE,4/12/2017 10:00,16.132,https://monitoringpublic.solaredge.com/solaredge-web/p/site/public?name=TELUS%20Spark,27/11/2017,5941482017-12-04 10:00:00
Telus Spark,594148,220 ST GEORGES DR NE,4/12/2017 11:00,13.507,https://monitoringpublic.solaredge.com/solaredge-web/p/site/public?name=TELUS%20Spark,27/11/2017,5941482017-12-04 11:00:00
Telus Spark,594148,220 ST GEORGES DR NE,4/12/2017 12:00,14.851,https://monitoringpublic.solaredge.com/solaredge-web/p/site/public?name=TELUS%20Spark,27/11/2017,5941482017-12-04 12:00:00
Telus Spark,594148,220 ST GEORGES DR NE,4/12/2017 13:00,13.62,https://monitoringpublic.solaredge.com/solaredge-web/p/site/public?name=TELUS%20Spark,27/11/2017,5941482017-12-04 13:00:00
Telus Spark,594148,220 ST GEORGES DR NE,4/12/2017 14:00,11.915,https://monitoringpublic.solaredge.com/solaredge-web/p/site/public?name=TELUS%20Spark,27/11/2017,5941482017-12-04 14:00:00
Telus Spark,594148,220 ST GEORGES DR NE,4/12/2017 15:00,4.244,https://monitoringpublic.solaredge.com/solaredge-web/p/site/public?name=TELUS%20Spark,27/11/2017,5941482017-12-04 15:00:00
Telus Spark,594148,220 ST GEORGES DR NE,4/12/2017 16:00,0.28,https://monitoringpublic.solaredge.com/solaredge-web/p/site/public?name=TELUS%20Spark,27/11/2017,5941482017-12-04 16:00:00
Telus Spark,594148,220 ST GEORGES DR NE,19/12/2017 11:00,4.642,https://monitoringpublic.solaredge.com/solaredge-web/p/site/public?name=TELUS%20Spark,27/11/2017,5941482017-12-19 11:00:00
Telus Spark,594148,220 ST GEORGES DR NE,19/12/2017 12:00,1.977,https://monitoringpublic.solaredge.com/solaredge-web/p/site/public?name=TELUS%20Spark,27/11/2017,5941482017-12-19 12:00:00
Telus Spark,594148,220 ST GEORGES DR NE,19/12/2017 13:00,1.206,https://monitoringpublic.solaredge.com/solaredge-web/p/site/public?name=TELUS%20Spark,27/11/2017,5941482017-12-19 13:00:00
Telus Spark,594148,220 ST GEORGES DR NE,19/12/2017 14:00,0.627,https://monitoringpublic.solaredge.com/solaredge-web/p/site/public?name=TELUS%20Spark,27/11/2017,5941482017-12-19 14:00:00
Telus Spark,594148,220 ST GEORGES DR NE,19/12/2017 15:00,0.048,https://monitoringpublic.solaredge.com/solaredge-web/p/site/public?name=TELUS%20Spark,27/11/2017,5941482017-12-19 15:00:00
Telus Spark,594148,220 ST GEORGES DR NE,23/12/2017 11:00,0.015,https://monitoringpublic.solaredge.com/solaredge-web/p/site/public?name=TELUS%20Spark,27/11/2017,5941482017-12-23 11:00:00
Telus Spark,594148,220 ST GEORGES DR NE,26/12/2017 11:00,0.009,https://monitoringpublic.solaredge.com/solaredge-web/p/site/public?name=TELUS%20Spark,27/11/2017,5941482017-12-26 11:00:00
Telus Spark,594148,220 ST GEORGES DR NE,31/12/2017 12:00,0.071,https://monitoringpublic.solaredge.com/solaredge-web/p/site/public?name=TELUS%20Spark,27/11/2017,5941482017-12-31 12:00:00
Telus Spark,594148,220 ST GEORGES DR NE,5/12/2017 8:00,0.414,https://monitoringpublic.solaredge.com/solaredge-web/p/site/public?name=TELUS%20Spark,27/11/2017,5941482017-12-05 08:00:00
Telus Spark,594148,220 ST GEORGES DR NE,5/12/2017 9:00,2.825,https://monitoringpublic.solaredge.com/solaredge-web/p/site/public?name=TELUS%20Spark,27/11/2017,5941482017-12-05 09:00:00
Telus Spark,594148,220 ST GEORGES DR NE,5/12/2017 10:00,4.608,https://monitoringpublic.solaredge.com/solaredge-web/p/site/public?name=TELUS%20Spark,27/11/2017,5941482017-12-05 10:00:00
Telus Spark,594148,220 ST GEORGES DR NE,5/12/2017 11:00,5.658,https://monitoringpublic.solaredge.com/solaredge-web/p/site/public?name=TELUS%20Spark,27/11/2017,5941482017-12-05 11:00:00
Telus Spark,594148,220 ST GEORGES DR NE,5/12/2017 12:00,8.383,https://monitoringpublic.solaredge.com/solaredge-web/p/site/public?name=TELUS%20Spark,27/11/2017,5941482017-12-05 12:00:00
Telus Spark,594148,220 ST GEORGES DR NE,5/12/2017 13:00,6.316,https://monitoringpublic.solaredge.com/solaredge-web/p/site/public?name=TELUS%20Spark,27/11/2017,5941482017-12-05 13:00:00
Telus Spark,594148,220 ST GEORGES DR NE,5/12/2017 14:00,4.131,https://monitoringpublic.solaredge.com/solaredge-web/p/site/public?name=TELUS%20Spark,27/11/2017,5941482017-12-05 14:00:00
Telus Spark,594148,220 ST GEORGES DR NE,5/12/2017 15:00,2.547,https://monitoringpublic.solaredge.com/solaredge-web/p/site/public?name=TELUS%20Spark,27/11/2017,5941482017-12-05 15:00:00
Telus Spark,594148,220 ST GEORGES DR NE,5/12/2017 16:00,0.339,https://monitoringpublic.solaredge.com/solaredge-web/p/site/public?name=TELUS%20Spark,27/11/2017,5941482017-12-05 16:00:00
Telus Spark,594148,220 ST GEORGES DR NE,6/12/2017 8:00,0.561,https://monitoringpublic.solaredge.com/solaredge-web/p/site/public?name=TELUS%20Spark,27/11/2017,5941482017-12-06 08:00:00
Telus Spark,594148,220 ST GEORGES DR NE,6/12/2017 9:00,4.828,https://monitoringpublic.solaredge.com/solaredge-web/p/site/public?name=TELUS%20Spark,27/11/2017,5941482017-12-06 09:00:00
Telus Spark,594148,220 ST GEORGES DR NE,6/12/2017 10:00,10.574,https://monitoringpublic.solaredge.com/solaredge-web/p/site/public?name=TELUS%20Spark,27/11/2017,5941482017-12-06 10:00:00
Telus Spark,594148,220 ST GEORGES DR NE,6/12/2017 11:00,14.85,https://monitoringpublic.solaredge.com/solaredge-web/p/site/public?name=TELUS%20Spark,27/11/2017,5941482017-12-06 11:00:00
Telus Spark,594148,220 ST GEORGES DR NE,6/12/2017 12:00,9.157,https://monitoringpublic.solaredge.com/solaredge-web/p/site/public?name=TELUS%20Spark,27/11/2017,5941482017-12-06 12:00:00
Telus Spark,594148,220 ST GEORGES DR NE,6/12/2017 13:00,12.968,https://monitoringpublic.solaredge.com/solaredge-web/p/site/public?name=TELUS%20Spark,27/11/2017,5941482017-12-06 13:00:00
Telus Spark,594148,220 ST GEORGES DR NE,6/12/2017 14:00,10.826,https://monitoringpublic.solaredge.com/solaredge-web/p/site/public?name=TELUS%20Spark,27/11/2017,5941482017-12-06 14:00:00
Telus Spark,594148,220 ST GEORGES DR NE,6/12/2017 15:00,4.7,https://monitoringpublic.solaredge.com/solaredge-web/p/site/public?name=TELUS%20Spark,27/11/2017,5941482017-12-06 15:00:00
Telus Spark,594148,220 ST GEORGES DR NE,6/12/2017 16:00,0.472,https://monitoringpublic.solaredge.com/solaredge-web/p/site/public?name=TELUS%20Spark,27/11/2017,5941482017-12-06 16:00:00
Telus Spark,594148,220 ST GEORGES DR NE,7/12/2017 8:00,0.463,https://monitoringpublic.solaredge.com/solaredge-web/p/site/public?name=TELUS%20Spark,27/11/2017,5941482017-12-07 08:00:00
Telus Spark,594148,220 ST GEORGES DR NE,7/12/2017 9:00,4.728,https://monitoringpublic.solaredge.com/solaredge-web/p/site/public?name=TELUS%20Spark,27/11/2017,5941482017-12-07 09:00:00
Telus Spark,594148,220 ST GEORGES DR NE,7/12/2017 10:00,8.907,https://monitoringpublic.solaredge.com/solaredge-web/p/site/public?name=TELUS%20Spark,27/11/2017,5941482017-12-07 10:00:00
Telus Spark,594148,220 ST GEORGES DR NE,7/12/2017 11:00,6.775,https://monitoringpublic.solaredge.com/solaredge-web/p/site/public?name=TELUS%20Spark,27/11/2017,5941482017-12-07 11:00:00
Telus Spark,594148,220 ST GEORGES DR NE,7/12/2017 12:00,10.633,https://monitoringpublic.solaredge.com/solaredge-web/p/site/public?name=TELUS%20Spark,27/11/2017,5941482017-12-07 12:00:00
Telus Spark,594148,220 ST GEORGES DR NE,7/12/2017 13:00,6.319,https://monitoringpublic.solaredge.com/solaredge-web/p/site/public?name=TELUS%20Spark,27/11/2017,5941482017-12-07 13:00:00
Telus Spark,594148,220 ST GEORGES DR NE,7/12/2017 14:00,3.749,https://monitoringpublic.solaredge.com/solaredge-web/p/site/public?name=TELUS%20Spark,27/11/2017,5941482017-12-07 14:00:00
Telus Spark,594148,220 ST GEORGES DR NE,7/12/2017 15:00,5.381,https://monitoringpublic.solaredge.com/solaredge-web/p/site/public?name=TELUS%20Spark,27/11/2017,5941482017-12-07 15:00:00
Telus Spark,594148,220 ST GEORGES DR NE,7/12/2017 16:00,1.175,https://monitoringpublic.solaredge.com/solaredge-web/p/site/public?name=TELUS%20Spark,27/11/2017,5941482017-12-07 16:00:00
Telus Spark,594148,220 ST GEORGES DR NE,8/12/2017 8:00,0.35,https://monitoringpublic.solaredge.com/solaredge-web/p/site/public?name=TELUS%20Spark,27/11/2017,5941482017-12-08 08:00:00
Telus Spark,594148,220 ST GEORGES DR NE,8/12/2017 9:00,2.769,https://monitoringpublic.solaredge.com/solaredge-web/p/site/public?name=TELUS%20Spark,27/11/2017,5941482017-12-08 09:00:00
Telus Spark,594148,220 ST GEORGES DR NE,8/12/2017 10:00,4.248,https://monitoringpublic.solaredge.com/solaredge-web/p/site/public?name=TELUS%20Spark,27/11/2017,5941482017-12-08 10:00:00
Telus Spark,594148,220 ST GEORGES DR NE,8/12/2017 11:00,4.738,https://monitoringpublic.solaredge.com/solaredge-web/p/site/public?name=TELUS%20Spark,27/11/2017,5941482017-12-08 11:00:00
Telus Spark,594148,220 ST GEORGES DR NE,8/12/2017 12:00,6.114,https://monitoringpublic.solaredge.com/solaredge-web/p/site/public?name=TELUS%20Spark,27/11/2017,5941482017-12-08 12:00:00
Telus Spark,594148,220 ST GEORGES DR NE,8/12/2017 13:00,5.542,https://monitoringpublic.solaredge.com/solaredge-web/p/site/public?name=TELUS%20Spark,27/11/2017,5941482017-12-08 13:00:00
Telus Spark,594148,220 ST GEORGES DR NE,8/12/2017 14:00,4.139,https://monitoringpublic.solaredge.com/solaredge-web/p/site/public?name=TELUS%20Spark,27/11/2017,5941482017-12-08 14:00:00
Telus Spark,594148,220 ST GEORGES DR NE,8/12/2017 15:00,2.467,https://monitoringpublic.solaredge.com/solaredge-web/p/site/public?name=TELUS%20Spark,27/11/2017,5941482017-12-08 15:00:00
Telus Spark,594148,220 ST GEORGES DR NE,8/12/2017 16:00,0.236,https://monitoringpublic.solaredge.com/solaredge-web/p/site/public?name=TELUS%20Spark,27/11/2017,5941482017-12-08 16:00:00
Telus Spark,594148,220 ST GEORGES DR NE,9/12/2017 8:00,0.394,https://monitoringpublic.solaredge.com/solaredge-web/p/site/public?name=TELUS%20Spark,27/11/2017,5941482017-12-09 08:00:00
Telus Spark,594148,220 ST GEORGES DR NE,9/12/2017 9:00,2.848,https://monitoringpublic.solaredge.com/solaredge-web/p/site/public?name=TELUS%20Spark,27/11/2017,5941482017-12-09 09:00:00
Telus Spark,594148,220 ST GEORGES DR NE,9/12/2017 10:00,4.563,https://monitoringpublic.solaredge.com/solaredge-web/p/site/public?name=TELUS%20Spark,27/11/2017,5941482017-12-09 10:00:00
Telus Spark,594148,220 ST GEORGES DR NE,9/12/2017 11:00,5.174,https://monitoringpublic.solaredge.com/solaredge-web/p/site/public?name=TELUS%20Spark,27/11/2017,5941482017-12-09 11:00:00
Telus Spark,594148,220 ST GEORGES DR NE,9/12/2017 12:00,5.423,https://monitoringpublic.solaredge.com/solaredge-web/p/site/public?name=TELUS%20Spark,27/11/2017,5941482017-12-09 12:00:00
Telus Spark,594148,220 ST GEORGES DR NE,9/12/2017 13:00,5.347,https://monitoringpublic.solaredge.com/solaredge-web/p/site/public?name=TELUS%20Spark,27/11/2017,5941482017-12-09 13:00:00
Telus Spark,594148,220 ST GEORGES DR NE,9/12/2017 14:00,5.666,https://monitoringpublic.solaredge.com/solaredge-web/p/site/public?name=TELUS%20Spark,27/11/2017,5941482017-12-09 14:00:00
Telus Spark,594148,220 ST GEORGES DR NE,9/12/2017 15:00,4.743,https://monitoringpublic.solaredge.com/solaredge-web/p/site/public?name=TELUS%20Spark,27/11/2017,5941482017-12-09 15:00:00
Telus Spark,594148,220 ST GEORGES DR NE,9/12/2017 16:00,0.938,https://monitoringpublic.solaredge.com/solaredge-web/p/site/public?name=TELUS%20Spark,27/11/2017,5941482017-12-09 16:00:00
Telus Spark,594148,220 ST GEORGES DR NE,10/12/2017 8:00,0.068,https://monitoringpublic.solaredge.com/solaredge-web/p/site/public?name=TELUS%20Spark,27/11/2017,5941482017-12-10 08:00:00
Telus Spark,594148,220 ST GEORGES DR NE,10/12/2017 9:00,3.051,https://monitoringpublic.solaredge.com/solaredge-web/p/site/public?name=TELUS%20Spark,27/11/2017,5941482017-12-10 09:00:00
Telus Spark,594148,220 ST GEORGES DR NE,10/12/2017 10:00,5.007,https://monitoringpublic.solaredge.com/solaredge-web/p/site/public?name=TELUS%20Spark,27/11/2017,5941482017-12-10 10:00:00
Telus Spark,594148,220 ST GEORGES DR NE,10/12/2017 11:00,6.04,https://monitoringpublic.solaredge.com/solaredge-web/p/site/public?name=TELUS%20Spark,27/11/2017,5941482017-12-10 11:00:00
Telus Spark,594148,220 ST GEORGES DR NE,10/12/2017 12:00,7.283,https://monitoringpublic.solaredge.com/solaredge-web/p/site/public?name=TELUS%20Spark,27/11/2017,5941482017-12-10 12:00:00
Telus Spark,594148,220 ST GEORGES DR NE,10/12/2017 13:00,5.94,https://monitoringpublic.solaredge.com/solaredge-web/p/site/public?name=TELUS%20Spark,27/11/2017,5941482017-12-10 13:00:00
Telus Spark,594148,220 ST GEORGES DR NE,10/12/2017 14:00,4.513,https://monitoringpublic.solaredge.com/solaredge-web/p/site/public?name=TELUS%20Spark,27/11/2017,5941482017-12-10 14:00:00
Telus Spark,594148,220 ST GEORGES DR NE,10/12/2017 15:00,3.077,https://monitoringpublic.solaredge.com/solaredge-web/p/site/public?name=TELUS%20Spark,27/11/2017,5941482017-12-10 15:00:00
Telus Spark,594148,220 ST GEORGES DR NE,10/12/2017 16:00,0.404,https://monitoringpublic.solaredge.com/solaredge-web/p/site/public?name=TELUS%20Spark,27/11/2017,5941482017-12-10 16:00:00
Telus Spark,594148,220 ST GEORGES DR NE,11/12/2017 8:00,0.14,https://monitoringpublic.solaredge.com/solaredge-web/p/site/public?name=TELUS%20Spark,27/11/2017,5941482017-12-11 08:00:00
Telus Spark,594148,220 ST GEORGES DR NE,11/12/2017 9:00,3.641,https://monitoringpublic.solaredge.com/solaredge-web/p/site/public?name=TELUS%20Spark,27/11/2017,5941482017-12-11 09:00:00
Telus Spark,594148,220 ST GEORGES DR NE,11/12/2017 10:00,7.266,https://monitoringpublic.solaredge.com/solaredge-web/p/site/public?name=TELUS%20Spark,27/11/2017,5941482017-12-11 10:00:00
Telus Spark,594148,220 ST GEORGES DR NE,11/12/2017 11:00,5.059,https://monitoringpublic.solaredge.com/solaredge-web/p/site/public?name=TELUS%20Spark,27/11/2017,5941482017-12-11 11:00:00
Telus Spark,594148,220 ST GEORGES DR NE,11/12/2017 12:00,4.994,https://monitoringpublic.solaredge.com/solaredge-web/p/site/public?name=TELUS%20Spark,27/11/2017,5941482017-12-11 12:00:00
Telus Spark,594148,220 ST GEORGES DR NE,11/12/2017 13:00,5.302,https://monitoringpublic.solaredge.com/solaredge-web/p/site/public?name=TELUS%20Spark,27/11/2017,5941482017-12-11 13:00:00
Telus Spark,594148,220 ST GEORGES DR NE,11/12/2017 14:00,4.813,https://monitoringpublic.solaredge.com/solaredge-web/p/site/public?name=TELUS%20Spark,27/11/2017,5941482017-12-11 14:00:00
Telus Spark,594148,220 ST GEORGES DR NE,11/12/2017 15:00,2.367,https://monitoringpublic.solaredge.com/solaredge-web/p/site/public?name=TELUS%20Spark,27/11/2017,5941482017-12-11 15:00:00
Telus Spark,594148,220 ST GEORGES DR NE,11/12/2017 16:00,0.225,https://monitoringpublic.solaredge.com/solaredge-web/p/site/public?name=TELUS%20Spark,27/11/2017,5941482017-12-11 16:00:00
Telus Spark,594148,220 ST GEORGES DR NE,12/12/2017 8:00,0.116,https://monitoringpublic.solaredge.com/solaredge-web/p/site/public?name=TELUS%20Spark,27/11/2017,5941482017-12-12 08:00:00
Telus Spark,594148,220 ST GEORGES DR NE,12/12/2017 9:00,2.693,https://monitoringpublic.solaredge.com/solaredge-web/p/site/public?name=TELUS%20Spark,27/11/2017,5941482017-12-12 09:00:00
Telus Spark,594148,220 ST GEORGES DR NE,12/12/2017 10:00,3.753,https://monitoringpublic.solaredge.com/solaredge-web/p/site/public?name=TELUS%20Spark,27/11/2017,5941482017-12-12 10:00:00
Telus Spark,594148,220 ST GEORGES DR NE,12/12/2017 11:00,7.236,https://monitoringpublic.solaredge.com/solaredge-web/p/site/public?name=TELUS%20Spark,27/11/2017,5941482017-12-12 11:00:00
Telus Spark,594148,220 ST GEORGES DR NE,12/12/2017 12:00,9.31,https://monitoringpublic.solaredge.com/solaredge-web/p/site/public?name=TELUS%20Spark,27/11/2017,5941482017-12-12 12:00:00
Telus Spark,594148,220 ST GEORGES DR NE,12/12/2017 13:00,10.402,https://monitoringpublic.solaredge.com/solaredge-web/p/site/public?name=TELUS%20Spark,27/11/2017,5941482017-12-12 13:00:00
Telus Spark,594148,220 ST GEORGES DR NE,12/12/2017 14:00,4.366,https://monitoringpublic.solaredge.com/solaredge-web/p/site/public?name=TELUS%20Spark,27/11/2017,5941482017-12-12 14:00:00
Telus Spark,594148,220 ST GEORGES DR NE,12/12/2017 15:00,2.753,https://monitoringpublic.solaredge.com/solaredge-web/p/site/public?name=TELUS%20Spark,27/11/2017,5941482017-12-12 15:00:00
Telus Spark,594148,220 ST GEORGES DR NE,12/12/2017 16:00,0.275,https://monitoringpublic.solaredge.com/solaredge-web/p/site/public?name=TELUS%20Spark,27/11/2017,5941482017-12-12 16:00:00
Telus Spark,594148,220 ST GEORGES DR NE,13/12/2017 8:00,0.397,https://monitoringpublic.solaredge.com/solaredge-web/p/site/public?name=TELUS%20Spark,27/11/2017,5941482017-12-13 08:00:00
Telus Spark,594148,220 ST GEORGES DR NE,13/12/2017 9:00,4.754,https://monitoringpublic.solaredge.com/solaredge-web/p/site/public?name=TELUS%20Spark,27/11/2017,5941482017-12-13 09:00:00
Telus Spark,594148,220 ST GEORGES DR NE,13/12/2017 10:00,11.204,https://monitoringpublic.solaredge.com/solaredge-web/p/site/public?name=TELUS%20Spark,27/11/2017,5941482017-12-13 10:00:00
Telus Spark,594148,220 ST GEORGES DR NE,13/12/2017 11:00,9.992,https://monitoringpublic.solaredge.com/solaredge-web/p/site/public?name=TELUS%20Spark,27/11/2017,5941482017-12-13 11:00:00
Telus Spark,594148,220 ST GEORGES DR NE,13/12/2017 12:00,11.266,https://monitoringpublic.solaredge.com/solaredge-web/p/site/public?name=TELUS%20Spark,27/11/2017,5941482017-12-13 12:00:00
Telus Spark,594148,220 ST GEORGES DR NE,13/12/2017 13:00,5.61,https://monitoringpublic.solaredge.com/solaredge-web/p/site/public?name=TELUS%20Spark,27/11/2017,5941482017-12-13 13:00:00
Telus Spark,594148,220 ST GEORGES DR NE,13/12/2017 14:00,4.279,https://monitoringpublic.solaredge.com/solaredge-web/p/site/public?name=TELUS%20Spark,27/11/2017,5941482017-12-13 14:00:00
Telus Spark,594148,220 ST GEORGES DR NE,13/12/2017 15:00,2.577,https://monitoringpublic.solaredge.com/solaredge-web/p/site/public?name=TELUS%20Spark,27/11/2017,5941482017-12-13 15:00:00
Telus Spark,594148,220 ST GEORGES DR NE,13/12/2017 16:00,0.231,https://monitoringpublic.solaredge.com/solaredge-web/p/site/public?name=TELUS%20Spark,27/11/2017,5941482017-12-13 16:00:00
Telus Spark,594148,220 ST GEORGES DR NE,14/12/2017 8:00,0.201,https://monitoringpublic.solaredge.com/solaredge-web/p/site/public?name=TELUS%20Spark,27/11/2017,5941482017-12-14 08:00:00
Telus Spark,594148,220 ST GEORGES DR NE,14/12/2017 9:00,2.835,https://monitoringpublic.solaredge.com/solaredge-web/p/site/public?name=TELUS%20Spark,27/11/2017,5941482017-12-14 09:00:00
Telus Spark,594148,220 ST GEORGES DR NE,14/12/2017 10:00,5.048,https://monitoringpublic.solaredge.com/solaredge-web/p/site/public?name=TELUS%20Spark,27/11/2017,5941482017-12-14 10:00:00
Telus Spark,594148,220 ST GEORGES DR NE,14/12/2017 11:00,5.727,https://monitoringpublic.solaredge.com/solaredge-web/p/site/public?name=TELUS%20Spark,27/11/2017,5941482017-12-14 11:00:00
Telus Spark,594148,220 ST GEORGES DR NE,14/12/2017 12:00,12.676,https://monitoringpublic.solaredge.com/solaredge-web/p/site/public?name=TELUS%20Spark,27/11/2017,5941482017-12-14 12:00:00
Telus Spark,594148,220 ST GEORGES DR NE,14/12/2017 13:00,17.34,https://monitoringpublic.solaredge.com/solaredge-web/p/site/public?name=TELUS%20Spark,27/11/2017,5941482017-12-14 13:00:00
Telus Spark,594148,220 ST GEORGES DR NE,14/12/2017 14:00,9.926,https://monitoringpublic.solaredge.com/solaredge-web/p/site/public?name=TELUS%20Spark,27/11/2017,5941482017-12-14 14:00:00
Telus Spark,594148,220 ST GEORGES DR NE,14/12/2017 15:00,4.219,https://monitoringpublic.solaredge.com/solaredge-web/p/site/public?name=TELUS%20Spark,27/11/2017,5941482017-12-14 15:00:00
Telus Spark,594148,220 ST GEORGES DR NE,14/12/2017 16:00,0.239,https://monitoringpublic.solaredge.com/solaredge-web/p/site/public?name=TELUS%20Spark,27/11/2017,5941482017-12-14 16:00:00
Telus Spark,594148,220 ST GEORGES DR NE,15/12/2017 8:00,0.019,https://monitoringpublic.solaredge.com/solaredge-web/p/site/public?name=TELUS%20Spark,27/11/2017,5941482017-12-15 08:00:00
Telus Spark,594148,220 ST GEORGES DR NE,15/12/2017 9:00,2.898,https://monitoringpublic.solaredge.com/solaredge-web/p/site/public?name=TELUS%20Spark,27/11/2017,5941482017-12-15 09:00:00
Telus Spark,594148,220 ST GEORGES DR NE,15/12/2017 10:00,9.644,https://monitoringpublic.solaredge.com/solaredge-web/p/site/public?name=TELUS%20Spark,27/11/2017,5941482017-12-15 10:00:00
Telus Spark,594148,220 ST GEORGES DR NE,15/12/2017 11:00,6.797,https://monitoringpublic.solaredge.com/solaredge-web/p/site/public?name=TELUS%20Spark,27/11/2017,5941482017-12-15 11:00:00
Telus Spark,594148,220 ST GEORGES DR NE,15/12/2017 12:00,21.271,https://monitoringpublic.solaredge.com/solaredge-web/p/site/public?name=TELUS%20Spark,27/11/2017,5941482017-12-15 12:00:00
Telus Spark,594148,220 ST GEORGES DR NE,15/12/2017 13:00,10.837,https://monitoringpublic.solaredge.com/solaredge-web/p/site/public?name=TELUS%20Spark,27/11/2017,5941482017-12-15 13:00:00
Telus Spark,594148,220 ST GEORGES DR NE,15/12/2017 14:00,8.996,https://monitoringpublic.solaredge.com/solaredge-web/p/site/public?name=TELUS%20Spark,27/11/2017,5941482017-12-15 14:00:00
Telus Spark,594148,220 ST GEORGES DR NE,15/12/2017 15:00,3.347,https://monitoringpublic.solaredge.com/solaredge-web/p/site/public?name=TELUS%20Spark,27/11/2017,5941482017-12-15 15:00:00
Telus Spark,594148,220 ST GEORGES DR NE,15/12/2017 16:00,0.254,https://monitoringpublic.solaredge.com/solaredge-web/p/site/public?name=TELUS%20Spark,27/11/2017,5941482017-12-15 16:00:00
Telus Spark,594148,220 ST GEORGES DR NE,16/12/2017 8:00,0.17,https://monitoringpublic.solaredge.com/solaredge-web/p/site/public?name=TELUS%20Spark,27/11/2017,5941482017-12-16 08:00:00
Telus Spark,594148,220 ST GEORGES DR NE,16/12/2017 9:00,2.595,https://monitoringpublic.solaredge.com/solaredge-web/p/site/public?name=TELUS%20Spark,27/11/2017,5941482017-12-16 09:00:00
Telus Spark,594148,220 ST GEORGES DR NE,16/12/2017 10:00,4.708,https://monitoringpublic.solaredge.com/solaredge-web/p/site/public?name=TELUS%20Spark,27/11/2017,5941482017-12-16 10:00:00
Telus Spark,594148,220 ST GEORGES DR NE,16/12/2017 11:00,5.893,https://monitoringpublic.solaredge.com/solaredge-web/p/site/public?name=TELUS%20Spark,27/11/2017,5941482017-12-16 11:00:00
Telus Spark,594148,220 ST GEORGES DR NE,16/12/2017 12:00,5.556,https://monitoringpublic.solaredge.com/solaredge-web/p/site/public?name=TELUS%20Spark,27/11/2017,5941482017-12-16 12:00:00
Telus Spark,594148,220 ST GEORGES DR NE,16/12/2017 13:00,5.31,https://monitoringpublic.solaredge.com/solaredge-web/p/site/public?name=TELUS%20Spark,27/11/2017,5941482017-12-16 13:00:00
Telus Spark,594148,220 ST GEORGES DR NE,16/12/2017 14:00,4.764,https://monitoringpublic.solaredge.com/solaredge-web/p/site/public?name=TELUS%20Spark,27/11/2017,5941482017-12-16 14:00:00
Telus Spark,594148,220 ST GEORGES DR NE,16/12/2017 15:00,2.723,https://monitoringpublic.solaredge.com/solaredge-web/p/site/public?name=TELUS%20Spark,27/11/2017,5941482017-12-16 15:00:00
Telus Spark,594148,220 ST GEORGES DR NE,16/12/2017 16:00,0.171,https://monitoringpublic.solaredge.com/solaredge-web/p/site/public?name=TELUS%20Spark,27/11/2017,5941482017-12-16 16:00:00
Telus Spark,594148,220 ST GEORGES DR NE,17/12/2017 9:00,1.029,https://monitoringpublic.solaredge.com/solaredge-web/p/site/public?name=TELUS%20Spark,27/11/2017,5941482017-12-17 09:00:00
Telus Spark,594148,220 ST GEORGES DR NE,17/12/2017 10:00,3.967,https://monitoringpublic.solaredge.com/solaredge-web/p/site/public?name=TELUS%20Spark,27/11/2017,5941482017-12-17 10:00:00
Telus Spark,594148,220 ST GEORGES DR NE,17/12/2017 11:00,5.636,https://monitoringpublic.solaredge.com/solaredge-web/p/site/public?name=TELUS%20Spark,27/11/2017,5941482017-12-17 11:00:00
Telus Spark,594148,220 ST GEORGES DR NE,17/12/2017 12:00,9.115,https://monitoringpublic.solaredge.com/solaredge-web/p/site/public?name=TELUS%20Spark,27/11/2017,5941482017-12-17 12:00:00
Telus Spark,594148,220 ST GEORGES DR NE,17/12/2017 13:00,8.113,https://monitoringpublic.solaredge.com/solaredge-web/p/site/public?name=TELUS%20Spark,27/11/2017,5941482017-12-17 13:00:00
Telus Spark,594148,220 ST GEORGES DR NE,17/12/2017 14:00,4.184,https://monitoringpublic.solaredge.com/solaredge-web/p/site/public?name=TELUS%20Spark,27/11/2017,5941482017-12-17 14:00:00
Telus Spark,594148,220 ST GEORGES DR NE,17/12/2017 15:00,3.843,https://monitoringpublic.solaredge.com/solaredge-web/p/site/public?name=TELUS%20Spark,27/11/2017,5941482017-12-17 15:00:00
Telus Spark,594148,220 ST GEORGES DR NE,17/12/2017 16:00,0.889,https://monitoringpublic.solaredge.com/solaredge-web/p/site/public?name=TELUS%20Spark,27/11/2017,5941482017-12-17 16:00:00
Telus Spark,594148,220 ST GEORGES DR NE,18/12/2017 9:00,0.445,https://monitoringpublic.solaredge.com/solaredge-web/p/site/public?name=TELUS%20Spark,27/11/2017,5941482017-12-18 09:00:00
Telus Spark,594148,220 ST GEORGES DR NE,18/12/2017 10:00,4.275,https://monitoringpublic.solaredge.com/solaredge-web/p/site/public?name=TELUS%20Spark,27/11/2017,5941482017-12-18 10:00:00
Telus Spark,594148,220 ST GEORGES DR NE,18/12/2017 11:00,7.64,https://monitoringpublic.solaredge.com/solaredge-web/p/site/public?name=TELUS%20Spark,27/11/2017,5941482017-12-18 11:00:00
Telus Spark,594148,220 ST GEORGES DR NE,18/12/2017 12:00,12.303,https://monitoringpublic.solaredge.com/solaredge-web/p/site/public?name=TELUS%20Spark,27/11/2017,5941482017-12-18 12:00:00
Telus Spark,594148,220 ST GEORGES DR NE,18/12/2017 13:00,13.508,https://monitoringpublic.solaredge.com/solaredge-web/p/site/public?name=TELUS%20Spark,27/11/2017,5941482017-12-18 13:00:00
Telus Spark,594148,220 ST GEORGES DR NE,18/12/2017 14:00,5.046,https://monitoringpublic.solaredge.com/solaredge-web/p/site/public?name=TELUS%20Spark,27/11/2017,5941482017-12-18 14:00:00
Telus Spark,594148,220 ST GEORGES DR NE,18/12/2017 15:00,2.413,https://monitoringpublic.solaredge.com/solaredge-web/p/site/public?name=TELUS%20Spark,27/11/2017,5941482017-12-18 15:00:00
Telus Spark,594148,220 ST GEORGES DR NE,18/12/2017 16:00,0.221,https://monitoringpublic.solaredge.com/solaredge-web/p/site/public?name=TELUS%20Spark,27/11/2017,5941482017-12-18 16:00:00
Telus Spark,594148,220 ST GEORGES DR NE,19/12/2017 8:00,0.06,https://monitoringpublic.solaredge.com/solaredge-web/p/site/public?name=TELUS%20Spark,27/11/2017,5941482017-12-19 08:00:00
Telus Spark,594148,220 ST GEORGES DR NE,19/12/2017 9:00,2.383,https://monitoringpublic.solaredge.com/solaredge-web/p/site/public?name=TELUS%20Spark,27/11/2017,5941482017-12-19 09:00:00
Telus Spark,594148,220 ST GEORGES DR NE,19/12/2017 10:00,3.899,https://monitoringpublic.solaredge.com/solaredge-web/p/site/public?name=TELUS%20Spark,27/11/2017,5941482017-12-19 10:00:00
Telus Spark,594148,220 ST GEORGES DR NE,26/12/2017 12:00,0.003,https://monitoringpublic.solaredge.com/solaredge-web/p/site/public?name=TELUS%20Spark,27/11/2017,5941482017-12-26 12:00:00
Telus Spark,594148,220 ST GEORGES DR NE,26/12/2017 13:00,0.001,https://monitoringpublic.solaredge.com/solaredge-web/p/site/public?name=TELUS%20Spark,27/11/2017,5941482017-12-26 13:00:00
Telus Spark,594148,220 ST GEORGES DR NE,29/12/2017 12:00,0.006,https://monitoringpublic.solaredge.com/solaredge-web/p/site/public?name=TELUS%20Spark,27/11/2017,5941482017-12-29 12:00:00
Telus Spark,594148,220 ST GEORGES DR NE,29/12/2017 13:00,0.557,https://monitoringpublic.solaredge.com/solaredge-web/p/site/public?name=TELUS%20Spark,27/11/2017,5941482017-12-29 13:00:00
Telus Spark,594148,220 ST GEORGES DR NE,29/12/2017 14:00,0.563,https://monitoringpublic.solaredge.com/solaredge-web/p/site/public?name=TELUS%20Spark,27/11/2017,5941482017-12-29 14:00:00
Telus Spark,594148,220 ST GEORGES DR NE,29/12/2017 15:00,0.19,https://monitoringpublic.solaredge.com/solaredge-web/p/site/public?name=TELUS%20Spark,27/11/2017,5941482017-12-29 15:00:00
Telus Spark,594148,220 ST GEORGES DR NE,29/12/2017 16:00,0.001,https://monitoringpublic.solaredge.com/solaredge-web/p/site/public?name=TELUS%20Spark,27/11/2017,5941482017-12-29 16:00:00
Telus Spark,594148,220 ST GEORGES DR NE,30/12/2017 12:00,0.003,https://monitoringpublic.solaredge.com/solaredge-web/p/site/public?name=TELUS%20Spark,27/11/2017,5941482017-12-30 12:00:00
Telus Spark,594148,220 ST GEORGES DR NE,30/12/2017 13:00,0.014,https://monitoringpublic.solaredge.com/solaredge-web/p/site/public?name=TELUS%20Spark,27/11/2017,5941482017-12-30 13:00:00
Telus Spark,594148,220 ST GEORGES DR NE,31/12/2017 10:00,0.006,https://monitoringpublic.solaredge.com/solaredge-web/p/site/public?name=TELUS%20Spark,27/11/2017,5941482017-12-31 10:00:00
Telus Spark,594148,220 ST GEORGES DR NE,31/12/2017 11:00,0.04,https://monitoringpublic.solaredge.com/solaredge-web/p/site/public?name=TELUS%20Spark,27/11/2017,5941482017-12-31 11:00:00
Telus Spark,594148,220 ST GEORGES DR NE,31/12/2017 13:00,0.049,https://monitoringpublic.solaredge.com/solaredge-web/p/site/public?name=TELUS%20Spark,27/11/2017,5941482017-12-31 13:00:00
Telus Spark,594148,220 ST GEORGES DR NE,31/12/2017 14:00,0.007,https://monitoringpublic.solaredge.com/solaredge-web/p/site/public?name=TELUS%20Spark,27/11/2017,5941482017-12-31 14:00:00
Telus Spark,594148,220 ST GEORGES DR NE,1/01/2018 10:00,0.01,https://monitoringpublic.solaredge.com/solaredge-web/p/site/public?name=TELUS%20Spark,27/11/2017,5941482018-01-01 10:00:00
Telus Spark,594148,220 ST GEORGES DR NE,1/01/2018 11:00,0.04,https://monitoringpublic.solaredge.com/solaredge-web/p/site/public?name=TELUS%20Spark,27/11/2017,5941482018-01-01 11:00:00
Telus Spark,594148,220 ST GEORGES DR NE,1/01/2018 12:00,0.075,https://monitoringpublic.solaredge.com/solaredge-web/p/site/public?name=TELUS%20Spark,27/11/2017,5941482018-01-01 12:00:00
Telus Spark,594148,220 ST GEORGES DR NE,1/01/2018 13:00,0.259,https://monitoringpublic.solaredge.com/solaredge-web/p/site/public?name=TELUS%20Spark,27/11/2017,5941482018-01-01 13:00:00
Telus Spark,594148,220 ST GEORGES DR NE,1/01/2018 14:00,1.261,https://monitoringpublic.solaredge.com/solaredge-web/p/site/public?name=TELUS%20Spark,27/11/2017,5941482018-01-01 14:00:00
Telus Spark,594148,220 ST GEORGES DR NE,1/01/2018 15:00,0.929,https://monitoringpublic.solaredge.com/solaredge-web/p/site/public?name=TELUS%20Spark,27/11/2017,5941482018-01-01 15:00:00
Telus Spark,594148,220 ST GEORGES DR NE,1/01/2018 16:00,0.112,https://monitoringpublic.solaredge.com/solaredge-web/p/site/public?name=TELUS%20Spark,27/11/2017,5941482018-01-01 16:00:00
Telus Spark,594148,220 ST GEORGES DR NE,2/01/2018 8:00,0.014,https://monitoringpublic.solaredge.com/solaredge-web/p/site/public?name=TELUS%20Spark,27/11/2017,5941482018-01-02 08:00:00
Telus Spark,594148,220 ST GEORGES DR NE,2/01/2018 9:00,1.584,https://monitoringpublic.solaredge.com/solaredge-web/p/site/public?name=TELUS%20Spark,27/11/2017,5941482018-01-02 09:00:00
Telus Spark,594148,220 ST GEORGES DR NE,2/01/2018 10:00,5.182,https://monitoringpublic.solaredge.com/solaredge-web/p/site/public?name=TELUS%20Spark,27/11/2017,5941482018-01-02 10:00:00
Telus Spark,594148,220 ST GEORGES DR NE,3/01/2018 8:00,0.021,https://monitoringpublic.solaredge.com/solaredge-web/p/site/public?name=TELUS%20Spark,27/11/2017,5941482018-01-03 08:00:00
Telus Spark,594148,220 ST GEORGES DR NE,3/01/2018 9:00,1.987,https://monitoringpublic.solaredge.com/solaredge-web/p/site/public?name=TELUS%20Spark,27/11/2017,5941482018-01-03 09:00:00
Telus Spark,594148,220 ST GEORGES DR NE,3/01/2018 10:00,5.062,https://monitoringpublic.solaredge.com/solaredge-web/p/site/public?name=TELUS%20Spark,27/11/2017,5941482018-01-03 10:00:00
Telus Spark,594148,220 ST GEORGES DR NE,3/01/2018 11:00,7.362,https://monitoringpublic.solaredge.com/solaredge-web/p/site/public?name=TELUS%20Spark,27/11/2017,5941482018-01-03 11:00:00
Telus Spark,594148,220 ST GEORGES DR NE,3/01/2018 12:00,9.092,https://monitoringpublic.solaredge.com/solaredge-web/p/site/public?name=TELUS%20Spark,27/11/2017,5941482018-01-03 12:00:00
Telus Spark,594148,220 ST GEORGES DR NE,3/01/2018 13:00,9.979,https://monitoringpublic.solaredge.com/solaredge-web/p/site/public?name=TELUS%20Spark,27/11/2017,5941482018-01-03 13:00:00
Telus Spark,594148,220 ST GEORGES DR NE,3/01/2018 14:00,8.423,https://monitoringpublic.solaredge.com/solaredge-web/p/site/public?name=TELUS%20Spark,27/11/2017,5941482018-01-03 14:00:00
Telus Spark,594148,220 ST GEORGES DR NE,3/01/2018 15:00,4.346,https://monitoringpublic.solaredge.com/solaredge-web/p/site/public?name=TELUS%20Spark,27/11/2017,5941482018-01-03 15:00:00
Telus Spark,594148,220 ST GEORGES DR NE,3/01/2018 16:00,0.335,https://monitoringpublic.solaredge.com/solaredge-web/p/site/public?name=TELUS%20Spark,27/11/2017,5941482018-01-03 16:00:00
Telus Spark,594148,220 ST GEORGES DR NE,2/01/2018 11:00,7.751,https://monitoringpublic.solaredge.com/solaredge-web/p/site/public?name=TELUS%20Spark,27/11/2017,5941482018-01-02 11:00:00
Telus Spark,594148,220 ST GEORGES DR NE,2/01/2018 12:00,8.73,https://monitoringpublic.solaredge.com/solaredge-web/p/site/public?name=TELUS%20Spark,27/11/2017,5941482018-01-02 12:00:00
Telus Spark,594148,220 ST GEORGES DR NE,2/01/2018 13:00,8.57,https://monitoringpublic.solaredge.com/solaredge-web/p/site/public?name=TELUS%20Spark,27/11/2017,5941482018-01-02 13:00:00
Telus Spark,594148,220 ST GEORGES DR NE,2/01/2018 14:00,6.844,https://monitoringpublic.solaredge.com/solaredge-web/p/site/public?name=TELUS%20Spark,27/11/2017,5941482018-01-02 14:00:00
Telus Spark,594148,220 ST GEORGES DR NE,2/01/2018 15:00,3.441,https://monitoringpublic.solaredge.com/solaredge-web/p/site/public?name=TELUS%20Spark,27/11/2017,5941482018-01-02 15:00:00
Telus Spark,594148,220 ST GEORGES DR NE,2/01/2018 16:00,0.13,https://monitoringpublic.solaredge.com/solaredge-web/p/site/public?name=TELUS%20Spark,27/11/2017,5941482018-01-02 16:00:00
Telus Spark,594148,220 ST GEORGES DR NE,27/11/2017 9:00,6.162,https://monitoringpublic.solaredge.com/solaredge-web/p/site/public?name=TELUS%20Spark,27/11/2017,5941482017-11-27 09:00:00
Telus Spark,594148,220 ST GEORGES DR NE,27/11/2017 10:00,0.577,https://monitoringpublic.solaredge.com/solaredge-web/p/site/public?name=TELUS%20Spark,27/11/2017,5941482017-11-27 10:00:00
Telus Spark,594148,220 ST GEORGES DR NE,27/11/2017 13:00,4.586,https://monitoringpublic.solaredge.com/solaredge-web/p/site/public?name=TELUS%20Spark,27/11/2017,5941482017-11-27 13:00:00
Telus Spark,594148,220 ST GEORGES DR NE,27/11/2017 14:00,0.199,https://monitoringpublic.solaredge.com/solaredge-web/p/site/public?name=TELUS%20Spark,27/11/2017,5941482017-11-27 14:00:00
Telus Spark,594148,220 ST GEORGES DR NE,30/11/2017 8:00,0.613,https://monitoringpublic.solaredge.com/solaredge-web/p/site/public?name=TELUS%20Spark,27/11/2017,5941482017-11-30 08:00:00
Telus Spark,594148,220 ST GEORGES DR NE,30/11/2017 9:00,3.23,https://monitoringpublic.solaredge.com/solaredge-web/p/site/public?name=TELUS%20Spark,27/11/2017,5941482017-11-30 09:00:00
Telus Spark,594148,220 ST GEORGES DR NE,30/11/2017 10:00,9.889,https://monitoringpublic.solaredge.com/solaredge-web/p/site/public?name=TELUS%20Spark,27/11/2017,5941482017-11-30 10:00:00
Telus Spark,594148,220 ST GEORGES DR NE,30/11/2017 11:00,23.875,https://monitoringpublic.solaredge.com/solaredge-web/p/site/public?name=TELUS%20Spark,27/11/2017,5941482017-11-30 11:00:00
Telus Spark,594148,220 ST GEORGES DR NE,30/11/2017 12:00,15.202,https://monitoringpublic.solaredge.com/solaredge-web/p/site/public?name=TELUS%20Spark,27/11/2017,5941482017-11-30 12:00:00
Telus Spark,594148,220 ST GEORGES DR NE,30/11/2017 13:00,17.999,https://monitoringpublic.solaredge.com/solaredge-web/p/site/public?name=TELUS%20Spark,27/11/2017,5941482017-11-30 13:00:00
Telus Spark,594148,220 ST GEORGES DR NE,30/11/2017 14:00,12.562,https://monitoringpublic.solaredge.com/solaredge-web/p/site/public?name=TELUS%20Spark,27/11/2017,5941482017-11-30 14:00:00
Telus Spark,594148,220 ST GEORGES DR NE,30/11/2017 15:00,4.914,https://monitoringpublic.solaredge.com/solaredge-web/p/site/public?name=TELUS%20Spark,27/11/2017,5941482017-11-30 15:00:00
Telus Spark,594148,220 ST GEORGES DR NE,30/11/2017 16:00,0.722,https://monitoringpublic.solaredge.com/solaredge-web/p/site/public?name=TELUS%20Spark,27/11/2017,5941482017-11-30 16:00:00
Telus Spark,594148,220 ST GEORGES DR NE,1/12/2017 8:00,0.778,https://monitoringpublic.solaredge.com/solaredge-web/p/site/public?name=TELUS%20Spark,27/11/2017,5941482017-12-01 08:00:00
Telus Spark,594148,220 ST GEORGES DR NE,1/12/2017 9:00,4.419,https://monitoringpublic.solaredge.com/solaredge-web/p/site/public?name=TELUS%20Spark,27/11/2017,5941482017-12-01 09:00:00
Telus Spark,594148,220 ST GEORGES DR NE,1/12/2017 10:00,6.96,https://monitoringpublic.solaredge.com/solaredge-web/p/site/public?name=TELUS%20Spark,27/11/2017,5941482017-12-01 10:00:00
Telus Spark,594148,220 ST GEORGES DR NE,1/12/2017 11:00,11.841,https://monitoringpublic.solaredge.com/solaredge-web/p/site/public?name=TELUS%20Spark,27/11/2017,5941482017-12-01 11:00:00
Telus Spark,594148,220 ST GEORGES DR NE,1/12/2017 12:00,19.365,https://monitoringpublic.solaredge.com/solaredge-web/p/site/public?name=TELUS%20Spark,27/11/2017,5941482017-12-01 12:00:00
Telus Spark,594148,220 ST GEORGES DR NE,1/12/2017 13:00,13.704,https://monitoringpublic.solaredge.com/solaredge-web/p/site/public?name=TELUS%20Spark,27/11/2017,5941482017-12-01 13:00:00
Telus Spark,594148,220 ST GEORGES DR NE,1/12/2017 14:00,8.148,https://monitoringpublic.solaredge.com/solaredge-web/p/site/public?name=TELUS%20Spark,27/11/2017,5941482017-12-01 14:00:00
Telus Spark,594148,220 ST GEORGES DR NE,1/12/2017 15:00,5.065,https://monitoringpublic.solaredge.com/solaredge-web/p/site/public?name=TELUS%20Spark,27/11/2017,5941482017-12-01 15:00:00
Telus Spark,594148,220 ST GEORGES DR NE,1/12/2017 16:00,0.364,https://monitoringpublic.solaredge.com/solaredge-web/p/site/public?name=TELUS%20Spark,27/11/2017,5941482017-12-01 16:00:00
